{"stats":{"minecraft:custom":{"minecraft:time_since_rest":29597,"minecraft:sprint_one_cm":132095,"minecraft:damage_taken":718,"minecraft:walk_one_cm":62991,"minecraft:mob_kills":4,"minecraft:drop":19,"minecraft:damage_dealt":752,"minecraft:interact_with_crafting_table":3,"minecraft:fly_one_cm":119830,"minecraft:crouch_one_cm":96,"minecraft:play_time":35421,"tombstone:undead_killed":2,"minecraft:deaths":1,"minecraft:sneak_time":30,"minecraft:boat_one_cm":61381,"minecraft:jump":729,"minecraft:walk_on_water_one_cm":486,"minecraft:leave_game":2,"minecraft:time_since_death":30008,"minecraft:total_world_time":35421,"minecraft:fall_one_cm":15342},"minecraft:picked_up":{"minecraft:stick":2,"minecraft:lilac":3,"biomesoplenty:fir_sapling":2,"minecraft:gravel":11,"biomesoplenty:fir_log":100,"minecraft:flint":3,"minecraft:oak_log":1,"minecraft:dirt":40,"minecraft:rotten_flesh":3,"biomesoplenty:fir_boat":1,"minecraft:wheat_seeds":1,"minecraft:beef":2,"minecraft:granite":3,"minecraft:oak_sapling":1,"minecraft:mutton":3,"minecraft:white_wool":2,"minecraft:cobblestone":8,"minecraft:sunflower":2},"minecraft:mined":{"minecraft:lilac":2,"biomesoplenty:fir_log":102,"minecraft:granite":3,"minecraft:grass":2,"minecraft:grass_block":3,"minecraft:oak_log":1,"biomesoplenty:fir_leaves":47,"minecraft:gravel":14,"minecraft:dirt":6,"biomesoplenty:sprout":2,"minecraft:stone":8,"minecraft:oak_leaves":2},"minecraft:dropped":{"minecraft:cooked_beef":19},"minecraft:crafted":{"biomesoplenty:fir_planks":32,"minecraft:oak_planks":4,"biomesoplenty:fir_boat":1,"minecraft:crafting_table":2,"minecraft:stick":12,"minecraft:wooden_pickaxe":1,"minecraft:stone_pickaxe":1,"minecraft:stone_sword":1,"minecraft:stone_axe":1},"minecraft:killed":{"minecraft:sheep":1,"minecraft:zombie":2,"minecraft:cow":1},"minecraft:used":{"minecraft:stone_sword":6,"minecraft:stone_pickaxe":1,"minecraft:wooden_pickaxe":31,"biomesoplenty:fir_boat":1,"minecraft:lilac":1,"minecraft:stone_axe":131,"minecraft:crafting_table":2,"minecraft:oak_sapling":1,"alexsmobs:animal_dictionary":1,"minecraft:cooked_beef":6},"minecraft:broken":{"minecraft:stone_axe":1}},"DataVersion":3465}