{"stats":{"minecraft:custom":{"minecraft:mob_kills":28,"minecraft:interact_with_crafting_table":35,"minecraft:leave_game":2,"minecraft:time_since_death":38352,"minecraft:sprint_one_cm":490649,"minecraft:walk_one_cm":332882,"minecraft:drop":32,"minecraft:play_time":161421,"minecraft:sneak_time":7631,"minecraft:deaths":3,"minecraft:walk_under_water_one_cm":17580,"minecraft:boat_one_cm":61381,"minecraft:jump":1837,"minecraft:walk_on_water_one_cm":23490,"minecraft:total_world_time":161421,"minecraft:interact_with_furnace":27,"minecraft:sleep_in_bed":2,"minecraft:time_since_rest":37976,"minecraft:waystone_activated":3,"minecraft:damage_taken":2438,"minecraft:damage_dealt":5066,"minecraft:swim_one_cm":70857,"minecraft:fly_one_cm":312177,"minecraft:open_chest":22,"minecraft:crouch_one_cm":22648,"tombstone:undead_killed":21,"minecraft:fall_one_cm":36512},"minecraft:picked_up":{"minecraft:oak_stairs":50,"biomesoplenty:fir_trapdoor":4,"minecraft:dark_oak_trapdoor":22,"minecraft:string":45,"minecraft:raw_copper":29,"minecraft:cobbled_deepslate":34,"biomesoplenty:fir_planks":13,"minecraft:beef":6,"minecraft:lectern":1,"minecraft:sugar_cane":6,"minecraft:egg":1,"minecraft:dark_oak_sapling":1,"minecraft:stick":4,"minecraft:raw_iron":69,"minecraft:oak_door":1,"minecraft:composter":1,"minecraft:torch":20,"tombstone:grave_dust":3,"minecraft:diorite":12,"minecraft:dark_oak_planks":7,"minecraft:arrow":1,"minecraft:rotten_flesh":20,"minecraft:mutton":3,"minecraft:white_wool":2,"minecraft:cobblestone":620,"minecraft:lilac":3,"minecraft:andesite":49,"biomesoplenty:fir_sapling":2,"biomesoplenty:fir_log":100,"paraglider:spirit_orb":4,"minecraft:flint":4,"minecraft:oak_log":23,"minecraft:yellow_bed":8,"biomesoplenty:fir_stairs":5,"minecraft:dirt":141,"minecraft:bone":1,"minecraft:wheat_seeds":4,"biomesoplenty:fir_boat":1,"minecraft:oak_planks":34,"minecraft:gravel":14,"minecraft:sand":6,"minecraft:white_bed":2,"minecraft:dark_oak_log":51,"minecraft:mossy_cobblestone":3,"minecraft:bundle":1,"waystones:waystone":1,"minecraft:granite":26,"minecraft:oak_sapling":1,"minecraft:coal":83,"minecraft:sunflower":2},"minecraft:mined":{"minecraft:white_bed":2,"minecraft:mossy_cobblestone":3,"minecraft:dark_oak_leaves":2,"minecraft:oak_door":1,"minecraft:dark_oak_log":51,"minecraft:glow_lichen":1,"minecraft:granite":30,"minecraft:grass_block":29,"minecraft:composter":1,"minecraft:spawner":2,"minecraft:dark_oak_trapdoor":22,"minecraft:iron_ore":69,"minecraft:andesite":50,"biomesoplenty:fir_stairs":5,"minecraft:oak_stairs":50,"minecraft:stone":603,"minecraft:glass_pane":3,"minecraft:torch":5,"biomesoplenty:fir_planks":11,"minecraft:lectern":1,"minecraft:copper_ore":9,"minecraft:cobblestone":35,"biomesoplenty:sprout":2,"biomesoplenty:huge_clover_petal":2,"minecraft:oak_planks":34,"minecraft:sugar_cane":2,"minecraft:diorite":12,"minecraft:wall_torch":3,"biomesoplenty:glowworm_silk_strand":1,"minecraft:lilac":2,"minecraft:yellow_bed":8,"biomesoplenty:fir_log":102,"minecraft:grass":4,"biomesoplenty:clover":1,"minecraft:oak_log":23,"minecraft:coal_ore":84,"biomesoplenty:fir_leaves":47,"minecraft:gravel":18,"biomesoplenty:fir_trapdoor":4,"minecraft:sand":6,"minecraft:dirt":81,"minecraft:cobweb":44,"minecraft:oak_leaves":2,"minecraft:deepslate":34,"minecraft:dark_oak_planks":7},"minecraft:killed_by":{"mowziesmobs:ferrous_wroughtnaut":1},"minecraft:dropped":{"minecraft:cooked_beef":19,"minecraft:torch":6,"minecraft:stone_axe":2,"minecraft:stone_shovel":1,"biomesoplenty:fir_planks":65,"minecraft:yellow_bed":1,"minecraft:stone_pickaxe":1},"minecraft:crafted":{"biomesoplenty:fir_trapdoor":4,"biomesoplenty:fir_stairs":4,"minecraft:oak_planks":8,"minecraft:stone_shovel":2,"minecraft:furnace":2,"minecraft:dark_oak_trapdoor":18,"minecraft:stone":14,"minecraft:glass":6,"minecraft:dark_oak_door":3,"minecraft:stone_pickaxe":5,"minecraft:chest":6,"minecraft:dark_oak_planks":204,"biomesoplenty:fir_boat":1,"minecraft:dark_oak_stairs":8,"minecraft:crafting_table":5,"minecraft:wooden_pickaxe":1,"minecraft:bucket":1,"minecraft:stone_axe":4,"minecraft:air":0,"biomesoplenty:fir_planks":400,"minecraft:stick":32,"minecraft:iron_ingot":8,"minecraft:iron_pickaxe":1,"minecraft:stone_sword":2,"minecraft:torch":20},"minecraft:killed":{"minecraft:spider":1,"alexsmobs:tasmanian_devil":1,"minecraft:skeleton":3,"minecraft:drowned":2,"minecraft:sheep":1,"minecraft:zombie":16,"minecraft:cow":3},"minecraft:used":{"minecraft:stone_sword":167,"minecraft:stone_shovel":35,"minecraft:chest":6,"minecraft:stone":14,"minecraft:torch":35,"minecraft:dirt":89,"minecraft:granite":3,"minecraft:glass":6,"minecraft:dark_oak_planks":113,"minecraft:oak_sapling":1,"minecraft:furnace":2,"biomesoplenty:fir_trapdoor":4,"tombstone:gift":3,"minecraft:cooked_beef":23,"minecraft:dark_oak_stairs":6,"minecraft:water_bucket":23,"minecraft:stone_pickaxe":535,"minecraft:wooden_pickaxe":59,"minecraft:composter":1,"biomesoplenty:fir_planks":55,"biomesoplenty:fir_boat":1,"minecraft:sugar_cane":6,"minecraft:dark_oak_trapdoor":36,"minecraft:crafting_table":5,"minecraft:white_bed":2,"minecraft:dark_oak_door":1,"waystones:waystone":1,"minecraft:bread":3,"minecraft:iron_pickaxe":410,"biomesoplenty:fir_stairs":5,"minecraft:gravel":14,"minecraft:lilac":1,"minecraft:stone_axe":332,"minecraft:andesite":21,"minecraft:bucket":3,"minecraft:yellow_bed":7,"alexsmobs:animal_dictionary":1},"minecraft:broken":{"minecraft:stone_sword":1,"minecraft:wooden_pickaxe":1,"minecraft:stone_pickaxe":4,"minecraft:stone_axe":1,"minecraft:iron_pickaxe":1}},"DataVersion":3465}