{"stats":{"minecraft:custom":{"minecraft:interact_with_furnace":18,"minecraft:mob_kills":18,"minecraft:interact_with_crafting_table":30,"minecraft:time_since_death":8939,"minecraft:leave_game":2,"minecraft:sleep_in_bed":2,"minecraft:time_since_rest":8362,"minecraft:waystone_activated":3,"minecraft:sprint_one_cm":399333,"minecraft:damage_taken":1583,"minecraft:walk_one_cm":259248,"minecraft:drop":32,"minecraft:damage_dealt":3330,"minecraft:swim_one_cm":31108,"minecraft:fly_one_cm":275856,"minecraft:open_chest":17,"minecraft:crouch_one_cm":18700,"minecraft:play_time":119421,"tombstone:undead_killed":12,"minecraft:deaths":2,"minecraft:sneak_time":5849,"minecraft:walk_under_water_one_cm":8623,"minecraft:boat_one_cm":61381,"minecraft:jump":1512,"minecraft:walk_on_water_one_cm":10191,"minecraft:total_world_time":119421,"minecraft:fall_one_cm":31368},"minecraft:picked_up":{"minecraft:lilac":3,"minecraft:andesite":15,"minecraft:oak_stairs":50,"biomesoplenty:fir_sapling":2,"biomesoplenty:fir_log":100,"minecraft:flint":3,"minecraft:oak_log":23,"biomesoplenty:fir_stairs":5,"minecraft:yellow_bed":8,"biomesoplenty:fir_trapdoor":4,"minecraft:dirt":137,"minecraft:dark_oak_trapdoor":22,"minecraft:bone":1,"minecraft:wheat_seeds":4,"biomesoplenty:fir_boat":1,"biomesoplenty:fir_planks":11,"minecraft:beef":6,"minecraft:lectern":1,"minecraft:oak_planks":34,"minecraft:egg":1,"minecraft:dark_oak_sapling":1,"minecraft:raw_iron":8,"minecraft:stick":4,"minecraft:oak_door":1,"minecraft:composter":1,"minecraft:torch":3,"minecraft:gravel":13,"minecraft:sand":6,"minecraft:white_bed":2,"minecraft:mossy_cobblestone":3,"minecraft:dark_oak_log":51,"minecraft:dark_oak_planks":7,"minecraft:arrow":1,"minecraft:rotten_flesh":10,"waystones:waystone":1,"minecraft:granite":6,"minecraft:oak_sapling":1,"minecraft:coal":26,"minecraft:mutton":3,"minecraft:white_wool":2,"minecraft:cobblestone":304,"minecraft:sunflower":2},"minecraft:mined":{"minecraft:white_bed":2,"minecraft:glass_pane":3,"minecraft:mossy_cobblestone":3,"minecraft:dark_oak_leaves":2,"minecraft:oak_door":1,"minecraft:dark_oak_log":51,"minecraft:granite":6,"minecraft:grass_block":28,"biomesoplenty:fir_planks":9,"minecraft:lectern":1,"minecraft:cobblestone":34,"biomesoplenty:sprout":2,"biomesoplenty:huge_clover_petal":2,"minecraft:oak_planks":34,"minecraft:composter":1,"minecraft:wall_torch":2,"minecraft:dark_oak_trapdoor":22,"biomesoplenty:glowworm_silk_strand":1,"minecraft:iron_ore":8,"minecraft:lilac":2,"minecraft:andesite":15,"biomesoplenty:fir_log":102,"minecraft:yellow_bed":8,"minecraft:coal_ore":27,"minecraft:grass":4,"biomesoplenty:clover":1,"biomesoplenty:fir_stairs":5,"minecraft:oak_log":23,"biomesoplenty:fir_leaves":47,"minecraft:oak_stairs":50,"minecraft:sand":6,"biomesoplenty:fir_trapdoor":4,"minecraft:gravel":16,"minecraft:dirt":78,"minecraft:stone":273,"minecraft:oak_leaves":2,"minecraft:dark_oak_planks":7},"minecraft:dropped":{"minecraft:stone_axe":2,"minecraft:cooked_beef":19,"minecraft:stone_shovel":1,"biomesoplenty:fir_planks":65,"minecraft:torch":6,"minecraft:yellow_bed":1,"minecraft:stone_pickaxe":1},"minecraft:crafted":{"biomesoplenty:fir_trapdoor":4,"biomesoplenty:fir_stairs":4,"minecraft:oak_planks":8,"minecraft:stone_shovel":2,"biomesoplenty:fir_boat":1,"minecraft:dark_oak_stairs":8,"minecraft:crafting_table":3,"minecraft:wooden_pickaxe":1,"minecraft:furnace":1,"minecraft:dark_oak_trapdoor":18,"minecraft:stone":14,"minecraft:bucket":1,"minecraft:stone_axe":4,"minecraft:air":0,"biomesoplenty:fir_planks":400,"minecraft:dark_oak_door":3,"minecraft:glass":6,"minecraft:stick":28,"minecraft:iron_pickaxe":1,"minecraft:iron_ingot":8,"minecraft:stone_pickaxe":4,"minecraft:stone_sword":1,"minecraft:chest":4,"minecraft:torch":20,"minecraft:dark_oak_planks":204},"minecraft:killed":{"alexsmobs:tasmanian_devil":1,"minecraft:sheep":1,"minecraft:skeleton":3,"minecraft:zombie":7,"minecraft:drowned":2,"minecraft:cow":3},"minecraft:used":{"minecraft:dark_oak_stairs":6,"minecraft:water_bucket":1,"minecraft:stone_sword":74,"minecraft:stone_shovel":30,"minecraft:stone_pickaxe":377,"minecraft:chest":4,"minecraft:wooden_pickaxe":59,"minecraft:stone":14,"biomesoplenty:fir_boat":1,"biomesoplenty:fir_planks":42,"minecraft:composter":1,"minecraft:torch":12,"minecraft:dark_oak_trapdoor":35,"minecraft:dirt":79,"minecraft:crafting_table":3,"minecraft:white_bed":2,"minecraft:granite":3,"minecraft:dark_oak_door":1,"waystones:waystone":1,"minecraft:glass":6,"minecraft:dark_oak_planks":113,"minecraft:iron_pickaxe":1,"biomesoplenty:fir_stairs":5,"minecraft:gravel":7,"minecraft:lilac":1,"minecraft:stone_axe":330,"minecraft:furnace":1,"minecraft:oak_sapling":1,"biomesoplenty:fir_trapdoor":4,"minecraft:bucket":2,"tombstone:gift":1,"minecraft:yellow_bed":7,"alexsmobs:animal_dictionary":1,"minecraft:cooked_beef":18},"minecraft:broken":{"minecraft:stone_axe":1,"minecraft:stone_pickaxe":2,"minecraft:wooden_pickaxe":1}},"DataVersion":3465}