{"stats":{"minecraft:custom":{"minecraft:waystone_activated":1,"minecraft:time_since_rest":6404,"minecraft:sprint_one_cm":189007,"minecraft:damage_taken":968,"minecraft:walk_one_cm":93726,"minecraft:mob_kills":10,"minecraft:drop":19,"minecraft:damage_dealt":1741,"minecraft:swim_one_cm":3542,"minecraft:interact_with_crafting_table":3,"minecraft:fly_one_cm":171707,"minecraft:open_chest":1,"minecraft:crouch_one_cm":5725,"minecraft:play_time":47421,"tombstone:undead_killed":7,"minecraft:deaths":1,"minecraft:sneak_time":1186,"minecraft:walk_under_water_one_cm":207,"minecraft:boat_one_cm":61381,"minecraft:jump":973,"minecraft:walk_on_water_one_cm":1055,"minecraft:leave_game":2,"minecraft:time_since_death":42008,"minecraft:sleep_in_bed":2,"minecraft:total_world_time":47421,"minecraft:fall_one_cm":20107},"minecraft:picked_up":{"minecraft:stick":2,"minecraft:raw_iron":8,"minecraft:lilac":3,"biomesoplenty:fir_sapling":2,"minecraft:gravel":11,"biomesoplenty:fir_log":100,"minecraft:flint":3,"minecraft:oak_log":1,"minecraft:yellow_bed":6,"minecraft:white_bed":2,"minecraft:dirt":41,"minecraft:rotten_flesh":8,"biomesoplenty:fir_boat":1,"minecraft:wheat_seeds":4,"minecraft:beef":2,"minecraft:granite":3,"minecraft:lectern":1,"minecraft:oak_sapling":1,"minecraft:mutton":3,"minecraft:white_wool":2,"minecraft:cobblestone":8,"minecraft:sunflower":2},"minecraft:mined":{"minecraft:white_bed":2,"minecraft:iron_ore":8,"minecraft:lilac":2,"minecraft:yellow_bed":6,"biomesoplenty:fir_log":102,"minecraft:granite":3,"minecraft:grass":4,"minecraft:grass_block":4,"minecraft:oak_log":1,"biomesoplenty:fir_leaves":47,"minecraft:lectern":1,"minecraft:gravel":14,"minecraft:dirt":6,"biomesoplenty:sprout":2,"biomesoplenty:huge_clover_petal":2,"minecraft:stone":8,"minecraft:oak_leaves":2},"minecraft:dropped":{"minecraft:cooked_beef":19},"minecraft:crafted":{"biomesoplenty:fir_planks":144,"minecraft:oak_planks":4,"biomesoplenty:fir_boat":1,"minecraft:crafting_table":2,"minecraft:stick":12,"minecraft:wooden_pickaxe":1,"minecraft:stone_pickaxe":1,"minecraft:stone_sword":1,"minecraft:stone_axe":1},"minecraft:killed":{"minecraft:skeleton":1,"minecraft:sheep":1,"minecraft:zombie":6,"minecraft:cow":1},"minecraft:used":{"minecraft:stone_sword":32,"minecraft:stone_pickaxe":9,"minecraft:wooden_pickaxe":32,"biomesoplenty:fir_planks":33,"biomesoplenty:fir_boat":1,"minecraft:lilac":1,"minecraft:stone_axe":131,"minecraft:dirt":30,"minecraft:crafting_table":2,"minecraft:oak_sapling":1,"minecraft:white_bed":2,"minecraft:yellow_bed":6,"alexsmobs:animal_dictionary":1,"minecraft:cooked_beef":11},"minecraft:broken":{"minecraft:stone_axe":1}},"DataVersion":3465}