{"stats":{"minecraft:custom":{"minecraft:interact_with_furnace":18,"minecraft:mob_kills":14,"minecraft:interact_with_crafting_table":29,"minecraft:time_since_death":102008,"minecraft:leave_game":2,"minecraft:sleep_in_bed":2,"minecraft:time_since_rest":66404,"minecraft:waystone_activated":3,"minecraft:sprint_one_cm":335898,"minecraft:damage_taken":1228,"minecraft:walk_one_cm":242930,"minecraft:drop":32,"minecraft:damage_dealt":2487,"minecraft:swim_one_cm":28367,"minecraft:fly_one_cm":236778,"minecraft:open_chest":14,"minecraft:crouch_one_cm":18438,"minecraft:play_time":107421,"tombstone:undead_killed":10,"minecraft:deaths":1,"minecraft:sneak_time":5717,"minecraft:walk_under_water_one_cm":2175,"minecraft:boat_one_cm":61381,"minecraft:jump":1314,"minecraft:walk_on_water_one_cm":6043,"minecraft:total_world_time":107421,"minecraft:fall_one_cm":27586},"minecraft:picked_up":{"minecraft:lilac":3,"minecraft:oak_stairs":50,"biomesoplenty:fir_sapling":2,"biomesoplenty:fir_log":100,"minecraft:flint":3,"minecraft:oak_log":23,"biomesoplenty:fir_stairs":5,"minecraft:yellow_bed":8,"biomesoplenty:fir_trapdoor":4,"minecraft:dirt":128,"minecraft:dark_oak_trapdoor":22,"minecraft:wheat_seeds":4,"biomesoplenty:fir_boat":1,"biomesoplenty:fir_planks":11,"minecraft:beef":2,"minecraft:lectern":1,"minecraft:oak_planks":34,"minecraft:dark_oak_sapling":1,"minecraft:raw_iron":8,"minecraft:stick":4,"minecraft:oak_door":1,"minecraft:composter":1,"minecraft:torch":2,"minecraft:gravel":13,"minecraft:sand":6,"minecraft:white_bed":2,"minecraft:mossy_cobblestone":3,"minecraft:dark_oak_log":51,"minecraft:dark_oak_planks":7,"minecraft:arrow":1,"minecraft:rotten_flesh":10,"waystones:waystone":1,"minecraft:granite":3,"minecraft:oak_sapling":1,"minecraft:coal":20,"minecraft:mutton":3,"minecraft:white_wool":2,"minecraft:cobblestone":286,"minecraft:sunflower":2},"minecraft:mined":{"minecraft:white_bed":2,"minecraft:glass_pane":3,"minecraft:mossy_cobblestone":3,"minecraft:dark_oak_leaves":2,"minecraft:oak_door":1,"minecraft:dark_oak_log":51,"minecraft:granite":3,"minecraft:grass_block":28,"biomesoplenty:fir_planks":9,"minecraft:lectern":1,"minecraft:cobblestone":34,"biomesoplenty:sprout":2,"biomesoplenty:huge_clover_petal":2,"minecraft:oak_planks":34,"minecraft:composter":1,"minecraft:wall_torch":1,"minecraft:dark_oak_trapdoor":22,"minecraft:iron_ore":8,"minecraft:lilac":2,"biomesoplenty:fir_log":102,"minecraft:yellow_bed":8,"minecraft:coal_ore":21,"minecraft:grass":4,"biomesoplenty:clover":1,"biomesoplenty:fir_stairs":5,"minecraft:oak_log":23,"biomesoplenty:fir_leaves":47,"minecraft:oak_stairs":50,"minecraft:sand":6,"biomesoplenty:fir_trapdoor":4,"minecraft:gravel":16,"minecraft:dirt":69,"minecraft:stone":252,"minecraft:oak_leaves":2,"minecraft:dark_oak_planks":7},"minecraft:dropped":{"minecraft:stone_axe":2,"minecraft:cooked_beef":19,"minecraft:stone_shovel":1,"biomesoplenty:fir_planks":65,"minecraft:torch":6,"minecraft:yellow_bed":1,"minecraft:stone_pickaxe":1},"minecraft:crafted":{"biomesoplenty:fir_trapdoor":4,"biomesoplenty:fir_stairs":4,"minecraft:oak_planks":8,"minecraft:stone_shovel":2,"biomesoplenty:fir_boat":1,"minecraft:dark_oak_stairs":8,"minecraft:crafting_table":3,"minecraft:wooden_pickaxe":1,"minecraft:furnace":1,"minecraft:dark_oak_trapdoor":18,"minecraft:stone":14,"minecraft:stone_axe":4,"minecraft:air":0,"biomesoplenty:fir_planks":400,"minecraft:dark_oak_door":3,"minecraft:glass":6,"minecraft:stick":24,"minecraft:iron_ingot":8,"minecraft:stone_pickaxe":4,"minecraft:stone_sword":1,"minecraft:chest":4,"minecraft:torch":20,"minecraft:dark_oak_planks":204},"minecraft:killed":{"alexsmobs:tasmanian_devil":1,"minecraft:sheep":1,"minecraft:skeleton":2,"minecraft:zombie":6,"minecraft:drowned":2,"minecraft:cow":1},"minecraft:used":{"minecraft:dark_oak_stairs":6,"minecraft:stone_sword":51,"minecraft:stone_shovel":21,"minecraft:stone_pickaxe":331,"minecraft:chest":4,"minecraft:wooden_pickaxe":59,"minecraft:stone":14,"biomesoplenty:fir_boat":1,"biomesoplenty:fir_planks":42,"minecraft:composter":1,"minecraft:torch":11,"minecraft:dark_oak_trapdoor":35,"minecraft:dirt":79,"minecraft:crafting_table":3,"minecraft:white_bed":2,"minecraft:granite":3,"minecraft:dark_oak_door":1,"waystones:waystone":1,"minecraft:glass":6,"minecraft:dark_oak_planks":113,"biomesoplenty:fir_stairs":5,"minecraft:gravel":5,"minecraft:lilac":1,"minecraft:stone_axe":330,"minecraft:furnace":1,"minecraft:oak_sapling":1,"biomesoplenty:fir_trapdoor":4,"minecraft:yellow_bed":7,"alexsmobs:animal_dictionary":1,"minecraft:cooked_beef":17},"minecraft:broken":{"minecraft:stone_axe":1,"minecraft:stone_pickaxe":2,"minecraft:wooden_pickaxe":1}},"DataVersion":3465}