{"stats":{"minecraft:custom":{"minecraft:mob_kills":13,"minecraft:interact_with_crafting_table":4,"minecraft:time_since_death":54008,"minecraft:leave_game":2,"minecraft:sleep_in_bed":2,"minecraft:time_since_rest":18404,"minecraft:waystone_activated":2,"minecraft:sprint_one_cm":235380,"minecraft:damage_taken":1183,"minecraft:walk_one_cm":124655,"minecraft:drop":21,"minecraft:damage_dealt":2200,"minecraft:swim_one_cm":5676,"minecraft:fly_one_cm":198047,"minecraft:open_chest":1,"minecraft:crouch_one_cm":8239,"minecraft:play_time":59421,"tombstone:undead_killed":9,"minecraft:deaths":1,"minecraft:sneak_time":1993,"minecraft:walk_under_water_one_cm":495,"minecraft:boat_one_cm":61381,"minecraft:jump":1095,"minecraft:walk_on_water_one_cm":2666,"minecraft:total_world_time":59421,"minecraft:fall_one_cm":24894},"minecraft:picked_up":{"minecraft:lilac":3,"biomesoplenty:fir_sapling":2,"biomesoplenty:fir_log":100,"minecraft:flint":3,"minecraft:oak_log":1,"minecraft:yellow_bed":8,"minecraft:dirt":48,"minecraft:wheat_seeds":4,"biomesoplenty:fir_boat":1,"minecraft:beef":2,"minecraft:lectern":1,"minecraft:raw_iron":8,"minecraft:stick":2,"minecraft:composter":1,"minecraft:gravel":13,"minecraft:white_bed":2,"minecraft:arrow":1,"minecraft:rotten_flesh":8,"minecraft:granite":3,"minecraft:oak_sapling":1,"minecraft:mutton":3,"minecraft:white_wool":2,"minecraft:cobblestone":9,"minecraft:sunflower":2},"minecraft:mined":{"minecraft:white_bed":2,"minecraft:granite":3,"minecraft:grass_block":9,"minecraft:lectern":1,"biomesoplenty:sprout":2,"biomesoplenty:huge_clover_petal":2,"minecraft:composter":1,"minecraft:iron_ore":8,"minecraft:lilac":2,"biomesoplenty:fir_log":102,"minecraft:yellow_bed":8,"minecraft:grass":4,"biomesoplenty:clover":1,"minecraft:oak_log":1,"biomesoplenty:fir_leaves":47,"minecraft:gravel":16,"minecraft:dirt":8,"minecraft:stone":11,"minecraft:oak_leaves":2},"minecraft:dropped":{"minecraft:cooked_beef":19,"biomesoplenty:fir_planks":31,"minecraft:stone_pickaxe":1},"minecraft:crafted":{"minecraft:oak_planks":4,"biomesoplenty:fir_boat":1,"minecraft:crafting_table":3,"minecraft:wooden_pickaxe":1,"minecraft:stone_axe":1,"biomesoplenty:fir_planks":144,"minecraft:stick":12,"minecraft:stone_pickaxe":1,"minecraft:stone_sword":1},"minecraft:killed":{"alexsmobs:tasmanian_devil":1,"minecraft:sheep":1,"minecraft:skeleton":2,"minecraft:zombie":6,"minecraft:drowned":1,"minecraft:cow":1},"minecraft:used":{"minecraft:stone_sword":45,"minecraft:stone_pickaxe":9,"minecraft:wooden_pickaxe":35,"biomesoplenty:fir_boat":1,"biomesoplenty:fir_planks":33,"minecraft:composter":1,"minecraft:dirt":47,"minecraft:crafting_table":3,"minecraft:white_bed":2,"minecraft:granite":3,"minecraft:gravel":5,"minecraft:lilac":1,"minecraft:stone_axe":131,"minecraft:oak_sapling":1,"minecraft:yellow_bed":6,"alexsmobs:animal_dictionary":1,"minecraft:cooked_beef":13},"minecraft:broken":{"minecraft:stone_axe":1}},"DataVersion":3465}