{"stats":{"minecraft:custom":{"minecraft:time_since_rest":5597,"minecraft:deaths":1,"minecraft:sprint_one_cm":29831,"minecraft:play_time":11421,"minecraft:damage_taken":410,"minecraft:walk_one_cm":19005,"minecraft:jump":217,"minecraft:damage_dealt":221,"minecraft:leave_game":2,"minecraft:time_since_death":6008,"minecraft:total_world_time":11421,"minecraft:fall_one_cm":5776,"minecraft:fly_one_cm":32089},"minecraft:picked_up":{"minecraft:lilac":1,"minecraft:oak_log":1,"minecraft:oak_sapling":1,"minecraft:dirt":2},"minecraft:mined":{"minecraft:grass":1,"minecraft:oak_log":1,"minecraft:dirt":2,"biomesoplenty:sprout":1,"minecraft:oak_leaves":2},"minecraft:used":{"minecraft:lilac":1,"minecraft:oak_sapling":1,"alexsmobs:animal_dictionary":1,"minecraft:cooked_beef":2}},"DataVersion":3465}