{"stats":{"minecraft:custom":{"minecraft:time_since_rest":17597,"minecraft:sprint_one_cm":57842,"minecraft:damage_taken":688,"minecraft:walk_one_cm":44152,"minecraft:mob_kills":3,"minecraft:damage_dealt":594,"minecraft:interact_with_crafting_table":2,"minecraft:fly_one_cm":55745,"minecraft:crouch_one_cm":96,"minecraft:play_time":23421,"tombstone:undead_killed":2,"minecraft:deaths":1,"minecraft:sneak_time":30,"minecraft:jump":419,"minecraft:leave_game":2,"minecraft:time_since_death":18008,"minecraft:total_world_time":23421,"minecraft:fall_one_cm":9420},"minecraft:picked_up":{"minecraft:lilac":3,"minecraft:gravel":11,"biomesoplenty:fir_log":69,"minecraft:flint":3,"minecraft:oak_log":1,"minecraft:dirt":40,"minecraft:rotten_flesh":3,"minecraft:beef":2,"minecraft:granite":3,"minecraft:oak_sapling":1,"minecraft:cobblestone":8,"minecraft:sunflower":2},"minecraft:mined":{"minecraft:lilac":2,"biomesoplenty:fir_log":73,"minecraft:granite":3,"minecraft:grass":2,"minecraft:grass_block":3,"minecraft:oak_log":1,"biomesoplenty:fir_leaves":18,"minecraft:gravel":14,"minecraft:dirt":6,"biomesoplenty:sprout":2,"minecraft:stone":8,"minecraft:oak_leaves":2},"minecraft:crafted":{"biomesoplenty:fir_planks":32,"minecraft:oak_planks":4,"minecraft:crafting_table":1,"minecraft:stick":12,"minecraft:wooden_pickaxe":1,"minecraft:stone_pickaxe":1,"minecraft:stone_sword":1,"minecraft:stone_axe":1},"minecraft:killed":{"minecraft:zombie":2,"minecraft:cow":1},"minecraft:used":{"minecraft:stone_sword":2,"minecraft:wooden_pickaxe":31,"minecraft:lilac":1,"minecraft:stone_axe":84,"minecraft:crafting_table":1,"minecraft:oak_sapling":1,"alexsmobs:animal_dictionary":1,"minecraft:cooked_beef":4}},"DataVersion":3465}