{"stats":{"minecraft:custom":{"minecraft:jump":182,"minecraft:time_since_rest":2952,"minecraft:damage_taken":410,"minecraft:damage_dealt":221,"minecraft:leave_game":2,"minecraft:play_time":8776,"minecraft:sprint_one_cm":25303,"minecraft:time_since_death":3363,"minecraft:walk_one_cm":14732,"minecraft:total_world_time":8776,"minecraft:fall_one_cm":4673,"minecraft:fly_one_cm":28929,"minecraft:deaths":1},"minecraft:picked_up":{"minecraft:oak_log":1,"minecraft:oak_sapling":1},"minecraft:mined":{"biomesoplenty:sprout":1,"minecraft:grass":1,"minecraft:oak_log":1,"minecraft:oak_leaves":2},"minecraft:used":{"alexsmobs:animal_dictionary":1,"minecraft:oak_sapling":1}},"DataVersion":3465}