{"stats":{"minecraft:custom":{"minecraft:interact_with_anvil":1,"minecraft:mob_kills":31,"minecraft:interact_with_crafting_table":49,"minecraft:open_barrel":1,"minecraft:leave_game":2,"minecraft:time_since_death":110352,"minecraft:climb_one_cm":8438,"minecraft:sprint_one_cm":602151,"minecraft:walk_one_cm":458715,"minecraft:drop":107,"minecraft:play_time":233421,"minecraft:sneak_time":9140,"minecraft:deaths":3,"minecraft:walk_under_water_one_cm":63550,"minecraft:boat_one_cm":61381,"minecraft:jump":2243,"minecraft:walk_on_water_one_cm":35077,"minecraft:total_world_time":233421,"minecraft:interact_with_furnace":29,"minecraft:play_record":3,"minecraft:sleep_in_bed":2,"minecraft:time_since_rest":109976,"minecraft:waystone_activated":3,"minecraft:damage_taken":3013,"minecraft:damage_dealt":5602,"minecraft:swim_one_cm":77669,"minecraft:fly_one_cm":453920,"minecraft:open_chest":28,"minecraft:crouch_one_cm":25625,"tombstone:undead_killed":22,"minecraft:fall_one_cm":43039},"minecraft:picked_up":{"industrialforegoing:fluid_extractor":1,"minecraft:oak_stairs":50,"minecraft:gold_block":1,"biomesoplenty:fir_trapdoor":4,"minecraft:dark_oak_trapdoor":22,"minecraft:string":45,"minecraft:raw_copper":29,"minecraft:cobbled_deepslate":37,"minecraft:bucket":3,"biomesoplenty:fir_planks":13,"minecraft:beef":6,"minecraft:lectern":1,"minecraft:sugar_cane":23,"minecraft:egg":1,"minecraft:dark_oak_sapling":1,"minecraft:stick":4,"minecraft:raw_iron":90,"minecraft:oak_door":1,"minecraft:music_disc_relic":2,"minecraft:composter":1,"minecraft:torch":22,"minecraft:music_disc_pigstep":1,"tombstone:grave_dust":3,"minecraft:diorite":12,"minecraft:carrot":1,"minecraft:redstone":32,"minecraft:dark_oak_planks":7,"minecraft:arrow":1,"minecraft:rotten_flesh":21,"minecraft:mutton":3,"minecraft:white_wool":2,"minecraft:cobblestone":623,"minecraft:lilac":3,"minecraft:andesite":49,"biomesoplenty:fir_sapling":2,"biomesoplenty:fir_log":100,"paraglider:spirit_orb":4,"minecraft:flint":4,"minecraft:oak_log":23,"minecraft:yellow_bed":8,"biomesoplenty:fir_stairs":5,"minecraft:stripped_birch_log":8,"minecraft:lapis_lazuli":33,"minecraft:dirt":142,"minecraft:bone":1,"minecraft:wheat_seeds":4,"biomesoplenty:fir_boat":1,"minecraft:oak_planks":34,"minecraft:scaffolding":1,"minecraft:gravel":14,"minecraft:sand":6,"minecraft:white_bed":2,"minecraft:dark_oak_log":52,"minecraft:mossy_cobblestone":3,"minecraft:bundle":1,"minecraft:sugar":7,"minecraft:diamond":1,"waystones:waystone":1,"minecraft:granite":33,"minecraft:oak_sapling":1,"minecraft:coal":96,"minecraft:sunflower":2},"minecraft:mined":{"minecraft:white_bed":2,"minecraft:mossy_cobblestone":3,"minecraft:deepslate_diamond_ore":1,"minecraft:dark_oak_leaves":2,"minecraft:oak_door":1,"minecraft:stripped_birch_log":8,"minecraft:dark_oak_log":52,"minecraft:glow_lichen":2,"minecraft:granite":31,"minecraft:grass_block":30,"minecraft:composter":1,"minecraft:spawner":2,"industrialforegoing:fluid_extractor":1,"minecraft:redstone_ore":3,"minecraft:dark_oak_trapdoor":22,"minecraft:iron_ore":88,"minecraft:andesite":50,"minecraft:deepslate_iron_ore":3,"biomesoplenty:fir_stairs":5,"minecraft:oak_stairs":50,"minecraft:stone":604,"minecraft:deepslate_redstone_ore":4,"minecraft:glass_pane":3,"minecraft:torch":5,"biomesoplenty:fir_planks":11,"minecraft:sculk_sensor":1,"minecraft:lectern":1,"minecraft:copper_ore":9,"minecraft:cobblestone":35,"minecraft:lapis_ore":4,"biomesoplenty:sprout":2,"biomesoplenty:huge_clover_petal":2,"minecraft:oak_planks":34,"minecraft:sugar_cane":8,"minecraft:diorite":12,"minecraft:wall_torch":3,"biomesoplenty:glowworm_silk_strand":1,"minecraft:lilac":2,"minecraft:yellow_bed":8,"biomesoplenty:fir_log":102,"minecraft:grass":4,"biomesoplenty:clover":1,"minecraft:oak_log":23,"minecraft:coal_ore":97,"biomesoplenty:fir_leaves":47,"minecraft:gravel":18,"biomesoplenty:fir_trapdoor":4,"minecraft:sand":6,"minecraft:dirt":81,"minecraft:cobweb":44,"minecraft:oak_leaves":2,"minecraft:deepslate":35,"minecraft:dark_oak_planks":7},"minecraft:killed_by":{"mowziesmobs:ferrous_wroughtnaut":1},"minecraft:dropped":{"minecraft:cooked_beef":20,"minecraft:torch":6,"minecraft:sugar":70,"minecraft:bucket":2,"minecraft:stone_axe":2,"minecraft:sugar_cane":2,"minecraft:stone_shovel":1,"biomesoplenty:fir_planks":65,"minecraft:yellow_bed":1,"minecraft:stone_pickaxe":1},"minecraft:crafted":{"biomesoplenty:fir_trapdoor":4,"biomesoplenty:fir_stairs":4,"minecraft:oak_planks":8,"minecraft:stone_shovel":2,"minecraft:furnace":3,"minecraft:piston":1,"minecraft:dark_oak_trapdoor":18,"minecraft:stone":72,"patchouli:guide_book":1,"minecraft:iron_bars":16,"minecraft:glass":6,"minecraft:dark_oak_door":3,"industrialforegoing:pitiful_generator":1,"minecraft:stone_pickaxe":5,"minecraft:chest":6,"minecraft:redstone_block":2,"minecraft:dark_oak_planks":204,"biomesoplenty:fir_boat":1,"minecraft:dark_oak_stairs":8,"minecraft:crafting_table":5,"minecraft:wooden_pickaxe":1,"industrialforegoing:machine_frame_pity":2,"minecraft:bucket":1,"minecraft:stone_axe":4,"minecraft:air":0,"biomesoplenty:fir_planks":400,"industrialforegoing:fluid_extractor":1,"minecraft:book":1,"minecraft:paper":3,"minecraft:light_weighted_pressure_plate":2,"minecraft:stick":32,"tombstone:dark_marble":3,"minecraft:iron_ingot":24,"minecraft:iron_pickaxe":1,"minecraft:stone_sword":2,"minecraft:gold_ingot":9,"minecraft:torch":20},"minecraft:killed":{"minecraft:spider":2,"alexsmobs:tasmanian_devil":1,"minecraft:skeleton":3,"minecraft:drowned":2,"mowziesmobs:lantern":1,"minecraft:sheep":1,"minecraft:zombie":17,"minecraft:cow":3},"minecraft:used":{"cfm:stripped_birch_table":2,"minecraft:stone_sword":185,"minecraft:stone_shovel":35,"minecraft:chest":6,"minecraft:stone":132,"minecraft:torch":51,"minecraft:spyglass":6,"minecraft:dirt":89,"minecraft:granite":3,"minecraft:music_disc_relic":2,"paraglider:horned_statue":1,"minecraft:glass":106,"minecraft:dark_oak_planks":221,"minecraft:music_disc_pigstep":1,"minecraft:lantern":16,"minecraft:item_frame":1,"minecraft:black_stained_glass":48,"minecraft:oak_sapling":1,"minecraft:furnace":2,"biomesoplenty:fir_trapdoor":4,"cfm:red_sofa":3,"tombstone:gift":5,"minecraft:cooked_beef":32,"minecraft:dark_oak_stairs":6,"minecraft:water_bucket":31,"minecraft:diorite":100,"industrialforegoing:pitiful_generator":1,"minecraft:stone_pickaxe":535,"industrialforegoing:fluid_extractor":2,"minecraft:wooden_pickaxe":59,"minecraft:composter":1,"biomesoplenty:fir_planks":62,"biomesoplenty:fir_boat":1,"minecraft:sugar_cane":9,"minecraft:dark_oak_trapdoor":48,"minecraft:sand":110,"cfm:stripped_birch_blinds":7,"minecraft:crafting_table":5,"minecraft:sponge":136,"minecraft:white_bed":2,"industrialforegoing:latex_bucket":1,"minecraft:dark_oak_door":1,"minecraft:birch_fence":5,"waystones:waystone":1,"minecraft:firework_rocket":5,"minecraft:birch_fence_gate":2,"minecraft:bread":3,"minecraft:iron_pickaxe":466,"biomesoplenty:fir_stairs":5,"industrialforegoing:infinity_nuke":1,"minecraft:gravel":14,"minecraft:lilac":1,"minecraft:stone_axe":348,"minecraft:andesite":41,"minecraft:bucket":5,"minecraft:yellow_bed":7,"alexsmobs:animal_dictionary":1,"minecraft:brush":4,"minecraft:jukebox":1},"minecraft:broken":{"minecraft:stone_sword":1,"minecraft:wooden_pickaxe":1,"minecraft:stone_pickaxe":4,"minecraft:stone_axe":2,"minecraft:iron_pickaxe":1}},"DataVersion":3465}