{"stats":{"minecraft:custom":{"minecraft:interact_with_furnace":18,"minecraft:mob_kills":18,"minecraft:interact_with_crafting_table":31,"minecraft:time_since_death":8352,"minecraft:leave_game":2,"minecraft:sleep_in_bed":2,"minecraft:time_since_rest":7976,"minecraft:waystone_activated":3,"minecraft:sprint_one_cm":426035,"minecraft:damage_taken":1838,"minecraft:walk_one_cm":276407,"minecraft:drop":32,"minecraft:damage_dealt":3330,"minecraft:swim_one_cm":55895,"minecraft:fly_one_cm":295455,"minecraft:open_chest":20,"minecraft:crouch_one_cm":20325,"minecraft:play_time":131421,"tombstone:undead_killed":12,"minecraft:deaths":3,"minecraft:sneak_time":6457,"minecraft:walk_under_water_one_cm":13500,"minecraft:boat_one_cm":61381,"minecraft:jump":1669,"minecraft:walk_on_water_one_cm":16532,"minecraft:total_world_time":131421,"minecraft:fall_one_cm":32602},"minecraft:picked_up":{"minecraft:lilac":3,"minecraft:andesite":32,"minecraft:oak_stairs":50,"biomesoplenty:fir_sapling":2,"biomesoplenty:fir_log":100,"minecraft:flint":4,"minecraft:oak_log":23,"biomesoplenty:fir_stairs":5,"minecraft:yellow_bed":8,"biomesoplenty:fir_trapdoor":4,"minecraft:dirt":138,"minecraft:dark_oak_trapdoor":22,"minecraft:bone":1,"minecraft:wheat_seeds":4,"biomesoplenty:fir_boat":1,"biomesoplenty:fir_planks":13,"minecraft:beef":6,"minecraft:lectern":1,"minecraft:sugar_cane":6,"minecraft:oak_planks":34,"minecraft:egg":1,"minecraft:dark_oak_sapling":1,"minecraft:raw_iron":12,"minecraft:stick":4,"minecraft:oak_door":1,"minecraft:composter":1,"minecraft:torch":4,"minecraft:gravel":14,"minecraft:sand":6,"minecraft:white_bed":2,"minecraft:mossy_cobblestone":3,"minecraft:dark_oak_log":51,"minecraft:dark_oak_planks":7,"minecraft:arrow":1,"minecraft:rotten_flesh":10,"waystones:waystone":1,"minecraft:granite":6,"minecraft:oak_sapling":1,"minecraft:coal":26,"minecraft:mutton":3,"minecraft:white_wool":2,"minecraft:cobblestone":395,"minecraft:sunflower":2},"minecraft:mined":{"minecraft:white_bed":2,"minecraft:glass_pane":3,"minecraft:mossy_cobblestone":3,"minecraft:dark_oak_leaves":2,"minecraft:oak_door":1,"minecraft:dark_oak_log":51,"minecraft:torch":1,"minecraft:granite":6,"minecraft:grass_block":29,"biomesoplenty:fir_planks":11,"minecraft:lectern":1,"minecraft:cobblestone":35,"biomesoplenty:sprout":2,"biomesoplenty:huge_clover_petal":2,"minecraft:sugar_cane":2,"minecraft:oak_planks":34,"minecraft:composter":1,"minecraft:wall_torch":2,"minecraft:dark_oak_trapdoor":22,"biomesoplenty:glowworm_silk_strand":1,"minecraft:iron_ore":12,"minecraft:lilac":2,"minecraft:andesite":33,"biomesoplenty:fir_log":102,"minecraft:yellow_bed":8,"minecraft:coal_ore":27,"minecraft:grass":4,"biomesoplenty:clover":1,"biomesoplenty:fir_stairs":5,"minecraft:oak_log":23,"biomesoplenty:fir_leaves":47,"minecraft:oak_stairs":50,"minecraft:sand":6,"biomesoplenty:fir_trapdoor":4,"minecraft:gravel":18,"minecraft:dirt":78,"minecraft:stone":361,"minecraft:oak_leaves":2,"minecraft:dark_oak_planks":7},"minecraft:killed_by":{"mowziesmobs:ferrous_wroughtnaut":1},"minecraft:dropped":{"minecraft:stone_axe":2,"minecraft:cooked_beef":19,"minecraft:stone_shovel":1,"biomesoplenty:fir_planks":65,"minecraft:torch":6,"minecraft:yellow_bed":1,"minecraft:stone_pickaxe":1},"minecraft:crafted":{"biomesoplenty:fir_trapdoor":4,"biomesoplenty:fir_stairs":4,"minecraft:oak_planks":8,"minecraft:stone_shovel":2,"biomesoplenty:fir_boat":1,"minecraft:dark_oak_stairs":8,"minecraft:crafting_table":4,"minecraft:wooden_pickaxe":1,"minecraft:furnace":1,"minecraft:dark_oak_trapdoor":18,"minecraft:stone":14,"minecraft:bucket":1,"minecraft:stone_axe":4,"minecraft:air":0,"biomesoplenty:fir_planks":400,"minecraft:dark_oak_door":3,"minecraft:glass":6,"minecraft:stick":28,"minecraft:iron_pickaxe":1,"minecraft:iron_ingot":8,"minecraft:stone_pickaxe":5,"minecraft:stone_sword":1,"minecraft:chest":4,"minecraft:torch":20,"minecraft:dark_oak_planks":204},"minecraft:killed":{"alexsmobs:tasmanian_devil":1,"minecraft:sheep":1,"minecraft:skeleton":3,"minecraft:zombie":7,"minecraft:drowned":2,"minecraft:cow":3},"minecraft:used":{"minecraft:dark_oak_stairs":6,"minecraft:water_bucket":23,"minecraft:stone_sword":74,"minecraft:stone_shovel":32,"minecraft:stone_pickaxe":487,"minecraft:chest":4,"minecraft:wooden_pickaxe":59,"minecraft:stone":14,"biomesoplenty:fir_boat":1,"biomesoplenty:fir_planks":45,"minecraft:composter":1,"minecraft:sugar_cane":2,"minecraft:torch":13,"minecraft:dark_oak_trapdoor":36,"minecraft:dirt":84,"minecraft:crafting_table":4,"minecraft:white_bed":2,"minecraft:granite":3,"minecraft:dark_oak_door":1,"waystones:waystone":1,"minecraft:glass":6,"minecraft:dark_oak_planks":113,"minecraft:iron_pickaxe":2,"biomesoplenty:fir_stairs":5,"minecraft:gravel":14,"minecraft:lilac":1,"minecraft:stone_axe":332,"minecraft:furnace":1,"minecraft:oak_sapling":1,"biomesoplenty:fir_trapdoor":4,"minecraft:bucket":3,"tombstone:gift":3,"minecraft:yellow_bed":7,"alexsmobs:animal_dictionary":1,"minecraft:cooked_beef":18},"minecraft:broken":{"minecraft:stone_axe":1,"minecraft:stone_pickaxe":3,"minecraft:wooden_pickaxe":1}},"DataVersion":3465}