{"stats":{"minecraft:custom":{"minecraft:mob_kills":13,"minecraft:interact_with_crafting_table":14,"minecraft:time_since_death":66008,"minecraft:leave_game":2,"minecraft:sleep_in_bed":2,"minecraft:time_since_rest":30404,"minecraft:waystone_activated":2,"minecraft:sprint_one_cm":258940,"minecraft:damage_taken":1183,"minecraft:walk_one_cm":152851,"minecraft:drop":22,"minecraft:damage_dealt":2200,"minecraft:swim_one_cm":5676,"minecraft:fly_one_cm":205525,"minecraft:open_chest":7,"minecraft:crouch_one_cm":9542,"minecraft:play_time":71421,"tombstone:undead_killed":9,"minecraft:deaths":1,"minecraft:sneak_time":2917,"minecraft:walk_under_water_one_cm":495,"minecraft:boat_one_cm":61381,"minecraft:jump":1143,"minecraft:walk_on_water_one_cm":2738,"minecraft:total_world_time":71421,"minecraft:fall_one_cm":25370},"minecraft:picked_up":{"minecraft:lilac":3,"biomesoplenty:fir_sapling":2,"biomesoplenty:fir_log":100,"minecraft:flint":3,"minecraft:oak_log":1,"biomesoplenty:fir_stairs":5,"minecraft:yellow_bed":8,"biomesoplenty:fir_trapdoor":4,"minecraft:dirt":53,"minecraft:dark_oak_trapdoor":6,"minecraft:wheat_seeds":4,"biomesoplenty:fir_boat":1,"biomesoplenty:fir_planks":9,"minecraft:beef":2,"minecraft:lectern":1,"minecraft:dark_oak_sapling":1,"minecraft:raw_iron":8,"minecraft:stick":4,"minecraft:composter":1,"minecraft:gravel":13,"minecraft:white_bed":2,"minecraft:dark_oak_log":51,"minecraft:dark_oak_planks":1,"minecraft:arrow":1,"minecraft:rotten_flesh":8,"minecraft:granite":3,"minecraft:oak_sapling":1,"minecraft:mutton":3,"minecraft:white_wool":2,"minecraft:cobblestone":71,"minecraft:sunflower":2},"minecraft:mined":{"minecraft:white_bed":2,"minecraft:dark_oak_leaves":2,"minecraft:dark_oak_log":51,"minecraft:granite":3,"minecraft:grass_block":11,"biomesoplenty:fir_planks":9,"minecraft:lectern":1,"biomesoplenty:sprout":2,"biomesoplenty:huge_clover_petal":2,"minecraft:composter":1,"minecraft:dark_oak_trapdoor":6,"minecraft:iron_ore":8,"minecraft:lilac":2,"biomesoplenty:fir_log":102,"minecraft:yellow_bed":8,"minecraft:grass":4,"biomesoplenty:clover":1,"biomesoplenty:fir_stairs":5,"minecraft:oak_log":1,"biomesoplenty:fir_leaves":47,"biomesoplenty:fir_trapdoor":4,"minecraft:gravel":16,"minecraft:dirt":11,"minecraft:stone":71,"minecraft:oak_leaves":2,"minecraft:dark_oak_planks":1},"minecraft:dropped":{"minecraft:cooked_beef":19,"biomesoplenty:fir_planks":31,"minecraft:yellow_bed":1,"minecraft:stone_pickaxe":1},"minecraft:crafted":{"biomesoplenty:fir_trapdoor":4,"biomesoplenty:fir_stairs":4,"minecraft:oak_planks":4,"biomesoplenty:fir_boat":1,"minecraft:dark_oak_stairs":4,"minecraft:crafting_table":3,"minecraft:wooden_pickaxe":1,"minecraft:dark_oak_trapdoor":8,"minecraft:stone_axe":2,"biomesoplenty:fir_planks":144,"minecraft:stick":12,"minecraft:stone_pickaxe":2,"minecraft:stone_sword":1,"minecraft:chest":1,"minecraft:dark_oak_planks":204},"minecraft:killed":{"alexsmobs:tasmanian_devil":1,"minecraft:sheep":1,"minecraft:skeleton":2,"minecraft:zombie":6,"minecraft:drowned":1,"minecraft:cow":1},"minecraft:used":{"minecraft:dark_oak_stairs":4,"minecraft:stone_sword":45,"minecraft:stone_pickaxe":46,"minecraft:chest":1,"minecraft:wooden_pickaxe":59,"biomesoplenty:fir_boat":1,"biomesoplenty:fir_planks":42,"minecraft:composter":1,"minecraft:dark_oak_trapdoor":13,"minecraft:dirt":50,"minecraft:crafting_table":3,"minecraft:white_bed":2,"minecraft:granite":3,"minecraft:dark_oak_planks":8,"biomesoplenty:fir_stairs":5,"minecraft:gravel":5,"minecraft:lilac":1,"minecraft:stone_axe":207,"minecraft:oak_sapling":1,"biomesoplenty:fir_trapdoor":4,"minecraft:yellow_bed":6,"alexsmobs:animal_dictionary":1,"minecraft:cooked_beef":13},"minecraft:broken":{"minecraft:stone_axe":1,"minecraft:wooden_pickaxe":1}},"DataVersion":3465}