{"stats":{"minecraft:custom":{"minecraft:time_since_rest":5757,"tombstone:undead_killed":1,"minecraft:crouch_one_cm":235,"minecraft:play_time":5757,"minecraft:sprint_one_cm":8613,"minecraft:damage_taken":151,"minecraft:walk_one_cm":12997,"minecraft:sneak_time":55,"minecraft:mob_kills":1,"minecraft:jump":119,"minecraft:damage_dealt":154,"minecraft:leave_game":1,"minecraft:time_since_death":5757,"minecraft:total_world_time":5757,"minecraft:fall_one_cm":4312,"minecraft:fly_one_cm":21238},"minecraft:picked_up":{"minecraft:lilac":3,"minecraft:rose_bush":3,"minecraft:dirt":3},"minecraft:mined":{"minecraft:grass":2,"minecraft:grass_block":2,"minecraft:rose_bush":5,"minecraft:dirt":1,"minecraft:lilac":5,"biomesoplenty:sprout":6},"minecraft:killed":{"minecraft:skeleton":1},"minecraft:used":{"minecraft:dirt":3}},"DataVersion":3465}