{"stats":{"minecraft:custom":{"minecraft:time_since_rest":30404,"minecraft:waystone_activated":3,"minecraft:sprint_one_cm":148939,"minecraft:damage_taken":930,"minecraft:walk_one_cm":144464,"minecraft:mob_kills":11,"minecraft:drop":4,"minecraft:damage_dealt":1666,"minecraft:talked_to_villager":14,"minecraft:swim_one_cm":3571,"minecraft:interact_with_crafting_table":2,"minecraft:fly_one_cm":66406,"minecraft:open_chest":5,"minecraft:crouch_one_cm":12892,"minecraft:bell_ring":11,"minecraft:play_time":58795,"tombstone:undead_killed":1,"minecraft:sneak_time":2619,"minecraft:walk_under_water_one_cm":2855,"minecraft:boat_one_cm":58381,"minecraft:jump":708,"minecraft:walk_on_water_one_cm":3654,"minecraft:time_since_death":58795,"minecraft:sleep_in_bed":1,"minecraft:total_world_time":58795,"minecraft:fall_one_cm":16977},"minecraft:picked_up":{"minecraft:lilac":1,"minecraft:cooked_beef":23,"minecraft:leather":1,"alexsmobs:bear_fur":1,"biomesoplenty:fir_log":35,"minecraft:porkchop":10,"tombstone:grave_dust":1,"minecraft:yellow_bed":1,"minecraft:dirt":18,"minecraft:bone":3,"minecraft:arrow":4,"minecraft:rotten_flesh":1,"minecraft:wheat_seeds":2,"waystones:waystone":1,"biomesoplenty:fir_planks":35,"minecraft:beef":1,"minecraft:stone_pickaxe":1,"minecraft:sugar_cane":6,"minecraft:mutton":5,"minecraft:coal":2,"minecraft:white_wool":3,"minecraft:cobblestone":2,"minecraft:sunflower":1},"minecraft:mined":{"minecraft:lilac":4,"biomesoplenty:fir_log":38,"minecraft:grass":11,"biomesoplenty:fir_planks":4,"biomesoplenty:clover":2,"minecraft:grass_block":2,"minecraft:coal_ore":2,"minecraft:dirt":1,"minecraft:stone":2,"minecraft:sugar_cane":6,"minecraft:fern":8},"minecraft:dropped":{"minecraft:cooked_beef":4},"minecraft:crafted":{"biomesoplenty:fir_planks":140,"minecraft:wooden_sword":2,"minecraft:stick":12,"minecraft:wooden_pickaxe":2,"minecraft:wooden_axe":2},"minecraft:killed":{"minecraft:sheep":4,"minecraft:zombie":1,"minecraft:pig":4,"alexsmobs:grizzly_bear":1,"minecraft:cow":1},"minecraft:used":{"waystones:waystone":1,"minecraft:wooden_axe":67,"minecraft:wooden_pickaxe":5,"biomesoplenty:fir_planks":109,"minecraft:wooden_sword":23,"minecraft:dirt":5,"minecraft:beef":1,"minecraft:cooked_beef":11},"minecraft:broken":{"minecraft:wooden_axe":1}},"DataVersion":3465}