{"stats":{"minecraft:custom":{"minecraft:time_since_rest":6404,"minecraft:waystone_activated":2,"minecraft:sprint_one_cm":130198,"minecraft:damage_taken":470,"minecraft:walk_one_cm":82302,"minecraft:mob_kills":10,"minecraft:drop":4,"minecraft:damage_dealt":1036,"minecraft:talked_to_villager":13,"minecraft:swim_one_cm":3571,"minecraft:interact_with_crafting_table":1,"minecraft:fly_one_cm":63890,"minecraft:open_chest":1,"minecraft:crouch_one_cm":2908,"minecraft:bell_ring":11,"minecraft:play_time":34795,"tombstone:undead_killed":1,"minecraft:sneak_time":530,"minecraft:walk_under_water_one_cm":1206,"minecraft:boat_one_cm":58381,"minecraft:jump":634,"minecraft:walk_on_water_one_cm":930,"minecraft:time_since_death":34795,"minecraft:sleep_in_bed":1,"minecraft:total_world_time":34795,"minecraft:fall_one_cm":13987},"minecraft:picked_up":{"minecraft:lilac":1,"minecraft:cooked_beef":23,"minecraft:leather":1,"biomesoplenty:fir_log":35,"minecraft:porkchop":10,"tombstone:grave_dust":1,"minecraft:dirt":18,"minecraft:bone":3,"minecraft:arrow":4,"minecraft:rotten_flesh":1,"minecraft:wheat_seeds":2,"waystones:waystone":1,"minecraft:beef":1,"minecraft:mutton":5,"minecraft:coal":2,"minecraft:white_wool":3,"minecraft:cobblestone":2,"minecraft:sunflower":1},"minecraft:mined":{"minecraft:lilac":4,"biomesoplenty:fir_log":38,"minecraft:grass":11,"biomesoplenty:clover":2,"minecraft:grass_block":2,"minecraft:coal_ore":2,"minecraft:dirt":1,"minecraft:stone":2,"minecraft:fern":8},"minecraft:dropped":{"minecraft:cooked_beef":4},"minecraft:crafted":{"biomesoplenty:fir_planks":24,"minecraft:wooden_sword":2,"minecraft:stick":12,"minecraft:wooden_pickaxe":2,"minecraft:wooden_axe":2},"minecraft:killed":{"minecraft:sheep":4,"minecraft:zombie":1,"minecraft:pig":4,"minecraft:cow":1},"minecraft:used":{"minecraft:wooden_axe":63,"minecraft:wooden_pickaxe":5,"minecraft:wooden_sword":2,"minecraft:dirt":2,"minecraft:beef":1,"minecraft:cooked_beef":7},"minecraft:broken":{"minecraft:wooden_axe":1}},"DataVersion":3465}