{"stats":{"minecraft:custom":{"minecraft:time_since_rest":10795,"minecraft:crouch_one_cm":134,"minecraft:play_time":10795,"minecraft:sprint_one_cm":14899,"minecraft:damage_taken":175,"minecraft:walk_one_cm":13755,"minecraft:sneak_time":21,"minecraft:walk_under_water_one_cm":269,"minecraft:mob_kills":1,"minecraft:jump":99,"minecraft:damage_dealt":146,"minecraft:time_since_death":10795,"minecraft:walk_on_water_one_cm":430,"minecraft:total_world_time":10795,"minecraft:interact_with_crafting_table":1,"minecraft:fly_one_cm":7857,"minecraft:fall_one_cm":2399},"minecraft:picked_up":{"minecraft:lilac":1,"minecraft:leather":1,"minecraft:wheat_seeds":1,"biomesoplenty:fir_log":29,"minecraft:beef":1,"minecraft:sunflower":1},"minecraft:mined":{"minecraft:grass":5,"minecraft:lilac":4,"biomesoplenty:fir_log":32,"minecraft:fern":8},"minecraft:crafted":{"biomesoplenty:fir_planks":24,"minecraft:wooden_sword":2,"minecraft:stick":12,"minecraft:wooden_pickaxe":2,"minecraft:wooden_axe":2},"minecraft:killed":{"minecraft:cow":1},"minecraft:used":{"minecraft:wooden_axe":23,"minecraft:beef":1}},"DataVersion":3465}