{"stats":{"minecraft:custom":{"minecraft:mob_kills":17,"minecraft:interact_with_anvil":3,"minecraft:interact_with_crafting_table":32,"minecraft:bell_ring":11,"minecraft:leave_game":2,"minecraft:time_since_death":197330,"minecraft:climb_one_cm":19764,"minecraft:sprint_one_cm":173295,"minecraft:walk_one_cm":466814,"minecraft:drop":21,"minecraft:talked_to_villager":19,"minecraft:play_time":421320,"minecraft:deaths":1,"minecraft:sneak_time":5288,"minecraft:walk_under_water_one_cm":552902,"minecraft:boat_one_cm":58381,"minecraft:jump":1187,"minecraft:walk_on_water_one_cm":53856,"minecraft:total_world_time":421320,"minecraft:interact_with_furnace":16,"minecraft:pot_flower":4,"minecraft:interact_with_stonecutter":1,"minecraft:sleep_in_bed":8,"minecraft:time_since_rest":69582,"minecraft:waystone_activated":4,"minecraft:damage_taken":2210,"minecraft:damage_dealt":2686,"minecraft:swim_one_cm":35707,"minecraft:fly_one_cm":445949,"minecraft:open_chest":55,"minecraft:crouch_one_cm":14045,"tombstone:undead_killed":1,"minecraft:fall_one_cm":17395},"minecraft:picked_up":{"minecraft:flower_pot":1,"minecraft:wooden_pickaxe":2,"minecraft:gold_block":128,"minecraft:raw_copper":5,"minecraft:wooden_sword":1,"minecraft:armor_stand":2,"minecraft:glass_pane":64,"biomesoplenty:fir_planks":181,"minecraft:beef":1,"minecraft:sugar_cane":40,"minecraft:chest":1,"minecraft:egg":1,"minecraft:dark_oak_door":1,"minecraft:black_stained_glass":1,"minecraft:stick":2,"minecraft:oak_door":1,"minecraft:torch":13,"securitycraft:camera_monitor":2,"minecraft:porkchop":20,"tombstone:grave_dust":2,"minecraft:blue_carpet":1,"minecraft:rotten_flesh":11,"minecraft:stone_shovel":1,"minecraft:arrow":4,"aquaculture:brown_trout":1,"minecraft:bookshelf":2,"minecraft:mutton":5,"minecraft:white_wool":6,"minecraft:cobblestone":3,"minecraft:cooked_beef":24,"minecraft:lilac":1,"minecraft:glow_ink_sac":3,"minecraft:chiseled_bookshelf":1,"minecraft:leather":2,"minecraft:potato":16,"biomesoplenty:fir_log":35,"minecraft:birch_planks":61,"alexsmobs:bear_fur":2,"minecraft:yellow_bed":2,"minecraft:dirt":122,"minecraft:lantern":2,"minecraft:smooth_sandstone":1,"minecraft:glass":128,"minecraft:bone":6,"minecraft:acacia_planks":2,"farmersdelight:cooking_pot":1,"minecraft:wheat_seeds":2,"securitycraft:security_camera":3,"minecraft:stone_pickaxe":1,"minecraft:black_stained_glass_pane":2,"minecraft:sand":129,"alexsmobs:animal_dictionary":1,"minecraft:netherite_block":128,"minecraft:bundle":1,"minecraft:sugar":66,"minecraft:diamond":4,"minecraft:stone_axe":4,"waystones:waystone":1,"minecraft:granite":18,"minecraft:emerald":3,"minecraft:bread":17,"minecraft:melon_seeds":4,"minecraft:coal":2,"minecraft:sunflower":1},"minecraft:mined":{"minecraft:granite":9,"minecraft:grass_block":9,"minecraft:stone":3,"biomesoplenty:fir_planks":100,"minecraft:sugar_cane":10,"minecraft:diorite":2,"minecraft:lilac":4,"biomesoplenty:fir_log":38,"minecraft:grass":11,"biomesoplenty:clover":2,"minecraft:coal_ore":2,"minecraft:dirt":60,"minecraft:fern":8},"minecraft:dropped":{"minecraft:birch_planks":1,"minecraft:cooked_beef":4,"minecraft:gold_block":129,"minecraft:sunflower":1,"minecraft:sand":65,"minecraft:sugar":3,"minecraft:smooth_sandstone":1,"minecraft:rotten_flesh":1,"minecraft:glass_pane":64,"minecraft:netherite_block":128,"securitycraft:camera_monitor":1,"minecraft:glass":64},"minecraft:crafted":{"minecraft:wooden_sword":2,"minecraft:smooth_stone":1,"minecraft:diamond_hoe":1,"minecraft:stone_button":14,"minecraft:stone":1,"cfm:acacia_table":4,"minecraft:heavy_weighted_pressure_plate":1,"minecraft:glass":1,"minecraft:diamond":576,"minecraft:diamond_helmet":1,"minecraft:diamond_leggings":1,"minecraft:diamond_boots":1,"minecraft:diamond_sword":2,"minecraft:diamond_axe":2,"minecraft:crafting_table":1,"minecraft:wooden_pickaxe":2,"biomesoplenty:fir_planks":140,"minecraft:diamond_pickaxe":2,"minecraft:stick":12,"minecraft:iron_ingot":9,"minecraft:wooden_axe":2,"minecraft:acacia_planks":4,"minecraft:diamond_chestplate":1},"minecraft:killed":{"aquaculture:brown_trout":1,"minecraft:pig":4,"alexsmobs:grizzly_bear":1,"minecraft:creeper":1,"minecraft:squid":1,"minecraft:sheep":4,"minecraft:zombie":1,"minecraft:glow_squid":2,"minecraft:cow":1},"minecraft:used":{"minecraft:light_blue_stained_glass_pane":3,"minecraft:armor_stand":1,"minecraft:stone_shovel":19,"minecraft:ladder":22,"minecraft:chest":16,"farmersdelight:stove":1,"minecraft:stone":549,"securitycraft:security_camera":9,"minecraft:dirt":20,"minecraft:anvil":1,"securitycraft:keypad_item":2,"minecraft:glass":130,"securitycraft:camera_monitor":9,"minecraft:wooden_axe":100,"minecraft:bookshelf":12,"minecraft:black_stained_glass_pane":282,"minecraft:lantern":28,"cfm:white_kitchen_counter":1,"minecraft:red_carpet":10,"cfm:stripped_mangrove_mail_box":1,"minecraft:black_stained_glass":292,"minecraft:beef":1,"minecraft:scaffolding":2,"minecraft:furnace":2,"tombstone:gift":2,"minecraft:end_stone_brick_stairs":8,"minecraft:cooked_beef":14,"minecraft:cherry_fence":29,"minecraft:dark_oak_stairs":5,"minecraft:chiseled_bookshelf":5,"minecraft:water_bucket":9,"minecraft:birch_planks":46,"minecraft:stone_pickaxe":15,"minecraft:oak_planks":9,"cfm:dark_oak_kitchen_drawer":6,"minecraft:wooden_pickaxe":5,"minecraft:cherry_planks":8,"biomesoplenty:fir_planks":461,"cfm:yellow_kitchen_sink":1,"minecraft:stonecutter":2,"minecraft:sugar_cane":15,"minecraft:crafting_table":1,"minecraft:campfire":2,"minecraft:sponge":50,"minecraft:dark_oak_door":2,"minecraft:birch_fence":33,"waystones:waystone":1,"minecraft:flower_pot":8,"minecraft:birch_slab":48,"cfm:white_cooler":2,"minecraft:spruce_trapdoor":11,"minecraft:stone_axe":86,"minecraft:blue_carpet":30,"minecraft:wooden_sword":41,"minecraft:diamond_sword":11,"minecraft:cherry_stairs":3,"cfm:stripped_acacia_desk_cabinet":2,"minecraft:glass_pane":68,"minecraft:yellow_bed":1,"cfm:acacia_table":1,"minecraft:birch_stairs":2},"minecraft:broken":{"minecraft:wooden_sword":1,"minecraft:wooden_axe":2}},"DataVersion":3465}