{"stats":{"minecraft:custom":{"minecraft:interact_with_furnace":6,"minecraft:mob_kills":12,"minecraft:interact_with_crafting_table":4,"minecraft:bell_ring":11,"minecraft:time_since_death":196795,"minecraft:sleep_in_bed":1,"minecraft:climb_one_cm":4744,"minecraft:time_since_rest":168404,"minecraft:waystone_activated":3,"minecraft:sprint_one_cm":155230,"minecraft:damage_taken":1210,"minecraft:walk_one_cm":205524,"minecraft:drop":11,"minecraft:damage_dealt":1811,"minecraft:swim_one_cm":22438,"minecraft:talked_to_villager":14,"minecraft:fly_one_cm":82821,"minecraft:open_chest":11,"minecraft:crouch_one_cm":13114,"minecraft:play_time":196795,"tombstone:undead_killed":1,"minecraft:sneak_time":3990,"minecraft:walk_under_water_one_cm":381857,"minecraft:boat_one_cm":58381,"minecraft:jump":925,"minecraft:walk_on_water_one_cm":41143,"minecraft:total_world_time":196795,"minecraft:fall_one_cm":17395},"minecraft:picked_up":{"minecraft:cooked_beef":23,"minecraft:lilac":1,"minecraft:leather":1,"biomesoplenty:fir_log":35,"alexsmobs:bear_fur":1,"minecraft:yellow_bed":1,"minecraft:dirt":73,"minecraft:smooth_sandstone":1,"minecraft:glass":64,"minecraft:bone":3,"minecraft:glass_pane":64,"minecraft:wheat_seeds":2,"biomesoplenty:fir_planks":159,"minecraft:beef":1,"minecraft:stone_pickaxe":1,"minecraft:sugar_cane":12,"minecraft:torch":7,"minecraft:porkchop":10,"minecraft:sand":65,"tombstone:grave_dust":1,"minecraft:arrow":4,"minecraft:rotten_flesh":1,"minecraft:stone_shovel":1,"minecraft:stone_axe":2,"waystones:waystone":1,"minecraft:granite":9,"minecraft:mutton":5,"minecraft:coal":2,"minecraft:white_wool":3,"minecraft:cobblestone":3,"minecraft:sunflower":1},"minecraft:mined":{"minecraft:granite":9,"minecraft:grass_block":9,"biomesoplenty:fir_planks":100,"minecraft:sugar_cane":10,"minecraft:diorite":2,"minecraft:lilac":4,"biomesoplenty:fir_log":38,"minecraft:grass":11,"biomesoplenty:clover":2,"minecraft:coal_ore":2,"minecraft:dirt":60,"minecraft:stone":3,"minecraft:fern":8},"minecraft:dropped":{"minecraft:cooked_beef":4,"minecraft:rotten_flesh":1,"minecraft:glass_pane":64,"minecraft:sunflower":1,"minecraft:sand":65,"minecraft:glass":64,"minecraft:smooth_sandstone":1},"minecraft:crafted":{"minecraft:wooden_sword":2,"minecraft:wooden_pickaxe":2,"minecraft:stone":1,"biomesoplenty:fir_planks":140,"minecraft:glass":1,"minecraft:stick":12,"minecraft:wooden_axe":2},"minecraft:killed":{"minecraft:pig":4,"alexsmobs:grizzly_bear":1,"minecraft:squid":1,"minecraft:sheep":4,"minecraft:zombie":1,"minecraft:cow":1},"minecraft:used":{"minecraft:stone_shovel":19,"minecraft:stone_pickaxe":15,"minecraft:ladder":22,"minecraft:wooden_pickaxe":5,"minecraft:stone":242,"biomesoplenty:fir_planks":413,"minecraft:dirt":9,"minecraft:sponge":22,"minecraft:birch_fence":32,"minecraft:glass":129,"waystones:waystone":1,"minecraft:wooden_axe":100,"minecraft:birch_slab":40,"minecraft:black_stained_glass_pane":276,"minecraft:lantern":8,"minecraft:stone_axe":86,"minecraft:wooden_sword":41,"minecraft:black_stained_glass":248,"minecraft:beef":1,"minecraft:glass_pane":68,"minecraft:cooked_beef":14,"minecraft:birch_stairs":2},"minecraft:broken":{"minecraft:wooden_sword":1,"minecraft:wooden_axe":2}},"DataVersion":3465}