{"stats":{"minecraft:custom":{"minecraft:time_since_rest":54404,"minecraft:waystone_activated":3,"minecraft:sprint_one_cm":149015,"minecraft:damage_taken":1050,"minecraft:walk_one_cm":165647,"minecraft:mob_kills":12,"minecraft:drop":4,"minecraft:damage_dealt":1766,"minecraft:talked_to_villager":14,"minecraft:swim_one_cm":8751,"minecraft:interact_with_crafting_table":2,"minecraft:fly_one_cm":66702,"minecraft:open_chest":5,"minecraft:crouch_one_cm":12915,"minecraft:bell_ring":11,"minecraft:play_time":82795,"tombstone:undead_killed":1,"minecraft:sneak_time":2983,"minecraft:walk_under_water_one_cm":43519,"minecraft:boat_one_cm":58381,"minecraft:jump":773,"minecraft:walk_on_water_one_cm":17521,"minecraft:time_since_death":82795,"minecraft:sleep_in_bed":1,"minecraft:total_world_time":82795,"minecraft:fall_one_cm":17395},"minecraft:picked_up":{"minecraft:lilac":1,"minecraft:cooked_beef":23,"minecraft:leather":1,"alexsmobs:bear_fur":1,"biomesoplenty:fir_log":35,"minecraft:porkchop":10,"tombstone:grave_dust":1,"minecraft:yellow_bed":1,"minecraft:dirt":50,"minecraft:bone":3,"minecraft:arrow":4,"minecraft:rotten_flesh":1,"minecraft:stone_axe":2,"minecraft:wheat_seeds":2,"waystones:waystone":1,"biomesoplenty:fir_planks":159,"minecraft:beef":1,"minecraft:granite":6,"minecraft:stone_pickaxe":1,"minecraft:sugar_cane":8,"minecraft:mutton":5,"minecraft:coal":2,"minecraft:white_wool":3,"minecraft:cobblestone":2,"minecraft:sunflower":1},"minecraft:mined":{"minecraft:lilac":4,"biomesoplenty:fir_log":38,"minecraft:granite":6,"minecraft:grass":11,"biomesoplenty:fir_planks":100,"biomesoplenty:clover":2,"minecraft:grass_block":5,"minecraft:coal_ore":2,"minecraft:dirt":30,"minecraft:stone":2,"minecraft:sugar_cane":8,"minecraft:diorite":2,"minecraft:fern":8},"minecraft:dropped":{"minecraft:cooked_beef":4},"minecraft:crafted":{"biomesoplenty:fir_planks":140,"minecraft:wooden_sword":2,"minecraft:stick":12,"minecraft:wooden_pickaxe":2,"minecraft:wooden_axe":2},"minecraft:killed":{"minecraft:sheep":4,"minecraft:zombie":1,"minecraft:pig":4,"alexsmobs:grizzly_bear":1,"minecraft:squid":1,"minecraft:cow":1},"minecraft:used":{"waystones:waystone":1,"minecraft:wooden_axe":100,"minecraft:stone_pickaxe":11,"minecraft:wooden_pickaxe":5,"biomesoplenty:fir_planks":163,"minecraft:stone_axe":69,"minecraft:wooden_sword":41,"minecraft:dirt":9,"minecraft:beef":1,"minecraft:cooked_beef":13},"minecraft:broken":{"minecraft:wooden_axe":2,"minecraft:wooden_sword":1}},"DataVersion":3465}