{"stats":{"minecraft:custom":{"minecraft:time_since_rest":22795,"minecraft:waystone_activated":1,"minecraft:sprint_one_cm":91064,"minecraft:damage_taken":295,"minecraft:walk_one_cm":46940,"minecraft:mob_kills":9,"minecraft:damage_dealt":788,"minecraft:interact_with_crafting_table":1,"minecraft:fly_one_cm":49899,"minecraft:crouch_one_cm":134,"minecraft:play_time":22795,"minecraft:sneak_time":21,"minecraft:walk_under_water_one_cm":269,"minecraft:boat_one_cm":58381,"minecraft:jump":441,"minecraft:walk_on_water_one_cm":595,"minecraft:time_since_death":22795,"minecraft:total_world_time":22795,"minecraft:fall_one_cm":10465},"minecraft:picked_up":{"minecraft:lilac":1,"minecraft:cooked_beef":19,"minecraft:leather":1,"biomesoplenty:fir_log":35,"minecraft:porkchop":10,"minecraft:wheat_seeds":2,"waystones:waystone":1,"minecraft:beef":1,"minecraft:mutton":5,"minecraft:coal":2,"minecraft:white_wool":3,"minecraft:sunflower":1},"minecraft:mined":{"minecraft:lilac":4,"biomesoplenty:fir_log":38,"minecraft:grass":11,"minecraft:coal_ore":2,"minecraft:fern":8},"minecraft:crafted":{"biomesoplenty:fir_planks":24,"minecraft:wooden_sword":2,"minecraft:stick":12,"minecraft:wooden_pickaxe":2,"minecraft:wooden_axe":2},"minecraft:killed":{"minecraft:sheep":4,"minecraft:pig":4,"minecraft:cow":1},"minecraft:used":{"minecraft:wooden_axe":49,"minecraft:wooden_pickaxe":2,"minecraft:beef":1,"minecraft:cooked_beef":4},"minecraft:broken":{"minecraft:wooden_axe":1}},"DataVersion":3465}