{"stats":{"minecraft:custom":{"minecraft:interact_with_furnace":6,"minecraft:mob_kills":12,"minecraft:interact_with_crafting_table":7,"minecraft:bell_ring":11,"minecraft:pot_flower":4,"minecraft:leave_game":1,"minecraft:time_since_death":34620,"minecraft:sleep_in_bed":5,"minecraft:climb_one_cm":11221,"minecraft:time_since_rest":3708,"minecraft:waystone_activated":3,"minecraft:sprint_one_cm":156729,"minecraft:damage_taken":2210,"minecraft:walk_one_cm":319667,"minecraft:drop":16,"minecraft:damage_dealt":1821,"minecraft:swim_one_cm":22438,"minecraft:talked_to_villager":14,"minecraft:fly_one_cm":395599,"minecraft:open_chest":14,"minecraft:play_time":258610,"minecraft:crouch_one_cm":13995,"minecraft:sneak_time":4943,"tombstone:undead_killed":1,"minecraft:deaths":1,"minecraft:walk_under_water_one_cm":384854,"minecraft:boat_one_cm":58381,"minecraft:jump":1017,"minecraft:walk_on_water_one_cm":42785,"minecraft:total_world_time":258610,"minecraft:fall_one_cm":17395},"minecraft:picked_up":{"minecraft:lilac":1,"minecraft:cooked_beef":24,"minecraft:chiseled_bookshelf":1,"minecraft:leather":1,"biomesoplenty:fir_log":35,"alexsmobs:bear_fur":1,"minecraft:yellow_bed":2,"minecraft:dirt":73,"minecraft:armor_stand":1,"minecraft:smooth_sandstone":1,"minecraft:glass":128,"minecraft:bone":3,"minecraft:glass_pane":64,"minecraft:wheat_seeds":2,"biomesoplenty:fir_planks":159,"securitycraft:security_camera":1,"minecraft:beef":1,"minecraft:stone_pickaxe":1,"minecraft:sugar_cane":15,"minecraft:torch":7,"securitycraft:camera_monitor":2,"minecraft:black_stained_glass_pane":1,"minecraft:porkchop":10,"minecraft:sand":65,"tombstone:grave_dust":1,"minecraft:rotten_flesh":1,"minecraft:stone_shovel":1,"minecraft:arrow":4,"minecraft:sugar":66,"minecraft:stone_axe":2,"waystones:waystone":1,"minecraft:granite":9,"minecraft:bookshelf":1,"minecraft:mutton":5,"minecraft:coal":2,"minecraft:white_wool":6,"minecraft:cobblestone":3,"minecraft:sunflower":1},"minecraft:mined":{"minecraft:granite":9,"minecraft:grass_block":9,"biomesoplenty:fir_planks":100,"minecraft:sugar_cane":10,"minecraft:diorite":2,"minecraft:lilac":4,"biomesoplenty:fir_log":38,"minecraft:grass":11,"biomesoplenty:clover":2,"minecraft:coal_ore":2,"minecraft:dirt":60,"minecraft:stone":3,"minecraft:fern":8},"minecraft:dropped":{"minecraft:cooked_beef":4,"minecraft:rotten_flesh":1,"minecraft:glass_pane":64,"minecraft:gold_block":1,"securitycraft:camera_monitor":1,"minecraft:sunflower":1,"minecraft:sand":65,"minecraft:sugar":3,"minecraft:glass":64,"minecraft:smooth_sandstone":1},"minecraft:crafted":{"minecraft:wooden_sword":2,"minecraft:wooden_pickaxe":2,"minecraft:stone":1,"cfm:acacia_table":4,"biomesoplenty:fir_planks":140,"minecraft:glass":1,"minecraft:stick":12,"minecraft:wooden_axe":2,"minecraft:acacia_planks":4},"minecraft:killed":{"minecraft:pig":4,"alexsmobs:grizzly_bear":1,"minecraft:squid":1,"minecraft:sheep":4,"minecraft:zombie":1,"minecraft:cow":1},"minecraft:used":{"minecraft:dark_oak_stairs":5,"minecraft:chiseled_bookshelf":5,"minecraft:stone_pickaxe":15,"minecraft:stone_shovel":19,"minecraft:armor_stand":1,"minecraft:ladder":22,"minecraft:wooden_pickaxe":5,"minecraft:stone":243,"biomesoplenty:fir_planks":461,"securitycraft:security_camera":7,"minecraft:sugar_cane":8,"minecraft:dirt":20,"minecraft:sponge":22,"minecraft:dark_oak_door":2,"minecraft:birch_fence":33,"minecraft:glass":129,"waystones:waystone":1,"minecraft:wooden_axe":100,"securitycraft:camera_monitor":4,"minecraft:flower_pot":8,"minecraft:bookshelf":12,"minecraft:birch_slab":48,"minecraft:black_stained_glass_pane":282,"minecraft:lantern":12,"minecraft:stone_axe":86,"minecraft:blue_carpet":29,"minecraft:wooden_sword":41,"minecraft:red_carpet":10,"minecraft:beef":1,"minecraft:scaffolding":2,"minecraft:black_stained_glass":248,"tombstone:gift":2,"minecraft:glass_pane":68,"cfm:acacia_table":1,"minecraft:yellow_bed":1,"minecraft:cooked_beef":14,"minecraft:end_stone_brick_stairs":8,"minecraft:birch_stairs":2},"minecraft:broken":{"minecraft:wooden_sword":1,"minecraft:wooden_axe":2}},"DataVersion":3465}