{"stats":{"minecraft:custom":{"minecraft:mob_kills":17,"minecraft:interact_with_anvil":3,"minecraft:interact_with_crafting_table":29,"minecraft:bell_ring":11,"minecraft:leave_game":2,"minecraft:time_since_death":126477,"minecraft:climb_one_cm":17561,"minecraft:sprint_one_cm":169390,"minecraft:walk_one_cm":412907,"minecraft:drop":21,"minecraft:talked_to_villager":19,"minecraft:play_time":350467,"minecraft:deaths":1,"minecraft:sneak_time":5131,"minecraft:walk_under_water_one_cm":542416,"minecraft:boat_one_cm":58381,"minecraft:jump":1149,"minecraft:walk_on_water_one_cm":52153,"minecraft:total_world_time":350467,"minecraft:interact_with_furnace":16,"minecraft:pot_flower":4,"minecraft:interact_with_stonecutter":1,"minecraft:sleep_in_bed":7,"minecraft:time_since_rest":63691,"minecraft:waystone_activated":3,"minecraft:damage_taken":2210,"minecraft:damage_dealt":2686,"minecraft:swim_one_cm":35707,"minecraft:fly_one_cm":445853,"minecraft:open_chest":45,"minecraft:crouch_one_cm":14045,"tombstone:undead_killed":1,"minecraft:fall_one_cm":17395},"minecraft:picked_up":{"minecraft:flower_pot":1,"minecraft:gold_block":128,"minecraft:armor_stand":2,"minecraft:glass_pane":64,"biomesoplenty:fir_planks":159,"minecraft:beef":1,"minecraft:sugar_cane":29,"minecraft:chest":1,"minecraft:dark_oak_door":1,"minecraft:black_stained_glass":1,"minecraft:torch":7,"securitycraft:camera_monitor":2,"minecraft:porkchop":10,"tombstone:grave_dust":1,"minecraft:blue_carpet":1,"minecraft:arrow":4,"minecraft:stone_shovel":1,"minecraft:rotten_flesh":1,"aquaculture:brown_trout":1,"minecraft:bookshelf":2,"minecraft:mutton":5,"minecraft:white_wool":6,"minecraft:cobblestone":3,"minecraft:cooked_beef":24,"minecraft:lilac":1,"minecraft:glow_ink_sac":3,"minecraft:chiseled_bookshelf":1,"minecraft:leather":1,"alexsmobs:bear_fur":1,"minecraft:birch_planks":61,"biomesoplenty:fir_log":35,"minecraft:yellow_bed":2,"minecraft:dirt":122,"minecraft:lantern":2,"minecraft:smooth_sandstone":1,"minecraft:glass":128,"minecraft:bone":3,"minecraft:acacia_planks":2,"minecraft:wheat_seeds":2,"securitycraft:security_camera":3,"minecraft:stone_pickaxe":1,"minecraft:black_stained_glass_pane":2,"minecraft:sand":65,"minecraft:netherite_block":128,"minecraft:sugar":66,"minecraft:diamond":4,"minecraft:stone_axe":2,"waystones:waystone":1,"minecraft:granite":9,"minecraft:coal":2,"minecraft:sunflower":1},"minecraft:mined":{"minecraft:granite":9,"minecraft:grass_block":9,"minecraft:stone":3,"biomesoplenty:fir_planks":100,"minecraft:sugar_cane":10,"minecraft:diorite":2,"minecraft:lilac":4,"biomesoplenty:fir_log":38,"minecraft:grass":11,"biomesoplenty:clover":2,"minecraft:coal_ore":2,"minecraft:dirt":60,"minecraft:fern":8},"minecraft:dropped":{"minecraft:birch_planks":1,"minecraft:cooked_beef":4,"minecraft:gold_block":129,"minecraft:sunflower":1,"minecraft:sand":65,"minecraft:sugar":3,"minecraft:smooth_sandstone":1,"minecraft:rotten_flesh":1,"minecraft:glass_pane":64,"minecraft:netherite_block":128,"securitycraft:camera_monitor":1,"minecraft:glass":64},"minecraft:crafted":{"minecraft:wooden_sword":2,"minecraft:smooth_stone":1,"minecraft:diamond_hoe":1,"minecraft:stone_button":14,"minecraft:stone":1,"cfm:acacia_table":4,"minecraft:heavy_weighted_pressure_plate":1,"minecraft:glass":1,"minecraft:diamond":576,"minecraft:diamond_helmet":1,"minecraft:diamond_leggings":1,"minecraft:diamond_boots":1,"minecraft:diamond_sword":2,"minecraft:diamond_axe":2,"minecraft:crafting_table":1,"minecraft:wooden_pickaxe":2,"biomesoplenty:fir_planks":140,"minecraft:diamond_pickaxe":2,"minecraft:stick":12,"minecraft:iron_ingot":9,"minecraft:wooden_axe":2,"minecraft:acacia_planks":4,"minecraft:diamond_chestplate":1},"minecraft:killed":{"aquaculture:brown_trout":1,"minecraft:pig":4,"alexsmobs:grizzly_bear":1,"minecraft:creeper":1,"minecraft:squid":1,"minecraft:sheep":4,"minecraft:zombie":1,"minecraft:glow_squid":2,"minecraft:cow":1},"minecraft:used":{"minecraft:light_blue_stained_glass_pane":3,"minecraft:armor_stand":1,"minecraft:stone_shovel":19,"minecraft:ladder":22,"minecraft:chest":14,"minecraft:stone":549,"securitycraft:security_camera":9,"minecraft:dirt":20,"minecraft:anvil":1,"securitycraft:keypad_item":2,"minecraft:glass":130,"securitycraft:camera_monitor":7,"minecraft:wooden_axe":100,"minecraft:bookshelf":12,"minecraft:lantern":24,"minecraft:black_stained_glass_pane":282,"minecraft:red_carpet":10,"minecraft:black_stained_glass":292,"minecraft:beef":1,"minecraft:scaffolding":2,"minecraft:furnace":2,"tombstone:gift":2,"minecraft:end_stone_brick_stairs":8,"minecraft:cooked_beef":14,"minecraft:dark_oak_stairs":5,"minecraft:chiseled_bookshelf":5,"minecraft:water_bucket":9,"minecraft:birch_planks":46,"minecraft:stone_pickaxe":15,"minecraft:wooden_pickaxe":5,"biomesoplenty:fir_planks":461,"minecraft:stonecutter":2,"minecraft:sugar_cane":15,"minecraft:crafting_table":1,"minecraft:campfire":2,"minecraft:sponge":50,"minecraft:dark_oak_door":2,"minecraft:birch_fence":33,"waystones:waystone":1,"minecraft:flower_pot":8,"minecraft:birch_slab":48,"minecraft:spruce_trapdoor":11,"minecraft:stone_axe":86,"minecraft:blue_carpet":30,"minecraft:diamond_sword":11,"minecraft:wooden_sword":41,"cfm:stripped_acacia_desk_cabinet":2,"minecraft:glass_pane":68,"minecraft:yellow_bed":1,"cfm:acacia_table":1,"minecraft:birch_stairs":2},"minecraft:broken":{"minecraft:wooden_sword":1,"minecraft:wooden_axe":2}},"DataVersion":3465}